Epoch	P@1	P@2	P@3	MRR
1	0.5	0.5	1.0	0.02832114450904365
2	0.5	0.5	1.0	0.02832114450904365
